ts,instrument,start,end,train_days,cal_days,horizon,max_hold,deadband,calibrated,threshold,exit,skip_no_edge,skipped_days,n_trades,gross,charges,net,pf,sharpe,max_dd,report
2026-07-06 16:11,banknifty,2020-01-15,2020-02-14,10,2,5,10,0.1,True,auto,0.45,True,15,40,-4549,2091,-6640,0.31,-8.29,7879,walkforward_banknifty_20260706_161011
2026-07-06 16:24,banknifty,2020-01-15,2020-12-31,10,2,5,10,0.1,True,auto,0.45,True,113,470,5225,27474,-22250,0.79,-2.6,23489,walkforward_banknifty_20260706_161234
2026-07-06 16:35,banknifty,2020-01-15,2020-12-31,10,2,15,30,0.1,True,auto,0.45,True,150,276,5710,15693,-9983,0.85,-1.82,11245,walkforward_banknifty_20260706_162404
2026-07-06 16:46,banknifty,2020-01-15,2020-12-31,10,2,30,60,0.1,True,auto,0.45,True,153,236,-18335,13936,-32271,0.66,-4.08,40081,walkforward_banknifty_20260706_163536
2026-07-06 16:56,banknifty,2020-01-15,2020-02-14,10,2,15,30,0.1,True,auto,0.45,True,True,18,11,463,593,-130,0.9,-2.72,345,walkforward_banknifty_20260706_165538
2026-07-06 17:08,banknifty,2020-01-15,2020-12-31,10,2,15,30,0.1,True,auto,0.45,True,True,163,144,-30888,8845,-39734,0.44,-8.09,39876,walkforward_banknifty_20260706_165719
2026-07-06 17:22,banknifty,2021-01-15,2021-12-31,10,2,15,30,0.1,True,auto,0.45,True,True,153,167,-6400,10463,-16863,0.72,-3.4,19477,walkforward_banknifty_20260706_170841
2026-07-06 17:34,banknifty,2020-01-15,2020-12-31,10,2,15,30,0.1,True,auto,0.45,True,True,171,91,-13084,5644,-18728,0.59,-4.92,22383,walkforward_banknifty_20260706_172356
2026-07-06 17:48,banknifty,2021-01-15,2021-12-31,10,2,15,30,0.1,True,auto,0.45,True,True,169,99,-5274,6132,-11405,0.7,-3.25,15372,walkforward_banknifty_20260706_173502
2026-07-06 18:01,banknifty,2020-01-15,2020-12-31,10,2,15,30,0.1,True,auto,0.45,True,True,173,97,-6760,5551,-12311,0.61,-4.63,13912,walkforward_banknifty_20260706_174950
2026-07-06 18:14,banknifty,2021-01-15,2021-12-31,10,2,15,30,0.1,True,auto,0.45,True,True,171,103,-10503,5954,-16456,0.5,-6.64,17755,walkforward_banknifty_20260706_180124
